Name,Category
A2 Fellowship,Religious
Adopt a Science Olympiad Team,Community Service
Adventist Christian Fellowship,Religious
Afrobeats,Arts - Dance
Aikido Association of Stanford,Athletic - Martial Arts
"Aisthesis, Stanford Undergraduate Journal of Classical Studies",Media/Publications
Akasma Bellydance,Arts - Dance
Akwaaba Ghanaian Students Association,International
Alliance Streetdance,Arts - Dance
Alpha Chi Sigma,Preprofessional
Alternative Spring Break,Community Service
"American Association of Petroleum Geologists, Stanford Student Chapter",Preprofessional
American Indian Science and Engineering Society,Preprofessional
American Institute of Aeronautics and Astronautics,Preprofessional
American Medical Student Association Stanford Premedical Chapter,Preprofessional
American Society for Engineering Education (Stanford Chapter),Academic
American Society of Civil Engineers,Preprofessional
"Amnesty International, Stanford University Chapter",Social Awareness
Anime in the Arts,Arts - Other
Arbor Free Clinic,Community Service
Argentinos en Stanford,International
Armed Forces Society,Preprofessional
Armenian Students Association,Ethnic/Cultural
ArtX,Preprofessional
Asha for Education- Stanford Chapter,Social Awareness
Asian American Graduate Student Association,Ethnic/Cultural
Asian American Student Association,Ethnic/Cultural
Asian American Theater Project,Arts - Drama
Asian Pacific American Medical Student Association,Preprofessional
Asia-Pacific Student Entrepreneurship Society,Preprofessional
Associated Students of Stanford University - Exec,Student Government
Associated Students of Stanford University Speakers Bureau,Student Government
Association of Chinese Students and Scholars at Stanford,International
Association of Computing Machinery,Academic
Bahai Association at Stanford,Religious
Ballet Folklorico de Stanford,Arts - Dance
Barrio Assistance,Community Service
Basmati Raas,Arts - Dance
BELGICA,International
Biological Interdisciplinary Open Maker Environment,Academic
Biomedical Association for the Interest for Minority Students,Academic
Biomedical Engineering Society,Academic
Black Engineering Graduate Student Association,Preprofessional
Black Family Gathering Committee,Ethnic/Cultural
Black Graduate Students Association,Ethnic/Cultural
Black Graduation Committee,Ethnic/Cultural
Black in Computer Science at Stanford,Preprofessional
Black Men's Forum,Ethnic/Cultural
Black Pre-Law Society,Preprofessional
Black Student Union,Ethnic/Cultural
Blackstage,Arts - Drama
Brazilian Students Association,International
Bridging the Gap,Social
Buddhist Community at Stanford,Religious
Business Association of Stanford Entrepreneurial Students,Preprofessional
Caesura Journal,Media/Publications
Cap and Gown,Academic
Cardinal Ballet Company,Arts - Dance
Cardinal Calypso,Arts - Music
Cardinal Free Clinics,Community Service
Cardinal Nights,Advising Portals
Cardinal Squares,Arts - Dance
Cardinal West Coast Swing,Arts - Dance
Caribbean Students Association,International
Ceramics Club,Arts - Other
Challah for Hunger,Community Service
Chemical Engineering Graduate Students,Preprofessional
Chi Alpha Christian Fellowship,Religious
Chinese Campus Evangelistic Fellowship,Religious
Chinese Undergraduate Student Union,International
Chinese Women Collective at Stanford,International
Christian Students,Religious
Class of 2020 - Senior Class,Social
Class of 2021 - Junior Class,Social
Class of 2022 - Sophomore Class,Social
Class of 2023 - Frosh Council,Social
Club Water Polo Team of Stanford,Athletic - Club Sport
Coaching Corps Stanford Chapter,Community Service
Code the Change,Community Service
Colombian Student Association,International
Common Origins,Arts - Dance
Computational Text Analysis in the Social Sciences Student Group,Academic
Comunidad for Health Equity,Preprofessional
Cornerstone,Religious
Counterpoint a cappella,Arts - Music
Cross-disciplinary Healthcare Innovation Partnership at Stanford,Preprofessional
CS+Social Good,Social Awareness
Dancebreak,Arts - Dance
Derechos,Preprofessional
Design for America,Preprofessional
Disability Studies Committee,Academic
Doctors Without Borders Stanford Student Chapter,Social Awareness
Dosti,Community Service
Down With Gravity,Arts - Other
DreamCatchers,Community Service
Dutch@Stanford,International
DV8,Arts - Dance
Earthquake Engineering Research Institute (EERI) Stanford Chapter,Preprofessional
East African Stanford Students Association,International
Educational Studies Program,Community Service
Engineers for a Sustainable World - Stanford Chapter,Community Service
Episcopal - Lutheran Campus Ministry,Religious
European Association at Stanford,International
Event Request Test Portal,Admin/Testing
Everyday People,Arts - Music
Fake Portal,Admin/Testing
Falun Dafa at Stanford,Health and Wellness
Fascinate Publication,Media/Publications
Fashion X,Preprofessional
Fellowship of Christian Athletes in Action,Religious
Financial Officers' Portal,Advising Portals
"FLIP: First-Generation, Low-Income Partnership",Ethnic/Cultural
Flying TreeHouse,Community Service
French Stanford Student Association,International
Future Advancers of Science and Technology,Community Service
Girls Teaching Girls To Code,Community Service
GradQ,Social
Graduate Catholic Student Association,Religious
Graduate Mathematics Outreach Organization,Academic
Graduate Multiracial Community,Ethnic/Cultural
Graduate Music Studies Forum,Arts - Music
Graduate Student Council,Student Government
Graduate Students in Electrical Engineering,Preprofessional
Graduate Students of Applied Physics and Physics,Academic
GSB Adam Smith Society,GSB (Business School)
GSB Aerospace Business Club,GSB (Business School)
GSB Africa Business Club,GSB (Business School)
"GSB Arts, Media & Entertainment Club",GSB (Business School)
GSB Asia Business Student Association,GSB (Business School)
GSB Band,GSB (Business School)
GSB Basketball Club,GSB (Business School)
GSB Big Ideas Club,GSB (Business School)
GSB Black Business Student Association,GSB (Business School)
GSB Cannabis Business Club,GSB (Business School)
GSB Catholic Student Association,GSB (Business School)
GSB Challenge 4 Charity,GSB (Business School)
GSB Christians in Business,GSB (Business School)
GSB Consumer & Retail Club,GSB (Business School)
GSB Energy Club,GSB (Business School)
GSB Entrepreneur Club,GSB (Business School)
GSB Epicureans at the GSB,GSB (Business School)
GSB Europe Club,GSB (Business School)
GSB Finance & Investment Club,GSB (Business School)
GSB FinTech Club,GSB (Business School)
GSB First Generation and/or Low Income Club,GSB (Business School)
GSB Food & Agribusiness Club,GSB (Business School)
GSB Friends of TALK,GSB (Business School)
GSB Future Of Mobility Club,GSB (Business School)
GSB Game Club,GSB (Business School)
GSB Gives Back,GSB (Business School)
GSB Golf Club,GSB (Business School)
GSB Government & Politics Club,GSB (Business School)
GSB Greater China Business Club,GSB (Business School)
GSB Health Care Club,GSB (Business School)
GSB Hispanic Business Student Association,GSB (Business School)
GSB Improvisational Theater Troupe,GSB (Business School)
GSB India Club,GSB (Business School)
GSB Jewish Business Student Association,GSB (Business School)
GSB Latin American Student Association,GSB (Business School)
GSB Management Consulting Club,GSB (Business School)
GSB Master of Science in Management for Experienced Leaders Student Association (MSx),GSB (Business School)
GSB MBA Student Association,GSB (Business School)
GSB Middle East and North Africa Club,GSB (Business School)
GSB Midwest Club,GSB (Business School)
GSB Outdoor Adventures,GSB (Business School)
GSB PhD Association,GSB (Business School)
GSB Pride,GSB (Business School)
GSB Private Equity Club,GSB (Business School)
GSB Product Club,GSB (Business School)
GSB Real Estate Club,GSB (Business School)
GSB Search Fund Club,GSB (Business School)
GSB Show,GSB (Business School)
GSB Shred,GSB (Business School)
GSB Soccer Club,GSB (Business School)
GSB Social Innovation Club,GSB (Business School)
GSB Sports Management Club,GSB (Business School)
GSB Sustainable Business Club,GSB (Business School)
GSB Tech Club,GSB (Business School)
GSB Texas Club,GSB (Business School)
GSB Travel and Hospitality Club,GSB (Business School)
GSB Venture Capital Club,GSB (Business School)
GSB Veterans Club,GSB (Business School)
GSB Wellbeing Club,GSB (Business School)
GSB Wine Circle,GSB (Business School)
GSB Women in Management,GSB (Business School)
GSB/GSE Education Club,GSB (Business School)
GSC-Programming,Student Government
GSE Student Guild,Academic
Habla,Community Service
Harry Potter Fan Club at Stanford University,Admin/Testing
Health Education Lifetime Partnerships (HELP) for Kids,Community Service
Hellenic Association of Stanford,International
Hermanas de Stanford,Ethnic/Cultural
Hindu Students Association,Religious
Hmong Student Union,Ethnic/Cultural
Hong Kong Student Association,International
Hui o Na Moku,Ethnic/Cultural
Iberia - Spanish Association at Stanford,International
Ideas Out Loud,Academic
Indian Stanford Student Association,Ethnic/Cultural
InterGroup Dialogue Team,University Departments
International Latino Business Association,Preprofessional
International Policy Students Association,Academic
International Socialist Organization - Stanford,Political
International Student Christian Outreach,Religious
International Undergraduate Community,International
InterVarsity Christian Fellowship,Religious
InterVarsity Graduate Christian Fellowship,Religious
J Street U Stanford,Political
Jam Pac'd,Arts - Dance
Japanese Student Union,Ethnic/Cultural
Jewish Student Association,Ethnic/Cultural
JKA Shotokan of Stanford,Athletic - Martial Arts
Kaorihiva,Arts - Dance
Kayumanggi,Arts - Dance
Kids With Dreams,Community Service
"Korean Bible Study and Koinonia, Stanford",Religious
Korean-American Student Association,Ethnic/Cultural
Kurdish Association for Justice,Social Awareness
KZSU 90.1 FM,Media/Publications
La Familia de Stanford,Ethnic/Cultural
Latino Medical Student Association,Preprofessional
Latinos in Theater,Arts - Drama
Latinos Unidos de Stanford,Ethnic/Cultural
Latter-day Saint Student Association,Religious
L'Chayim Club: Chabad at Stanford,Religious
Legacy Dance Team,Arts - Dance
Leland Quarterly,Media/Publications
Leland Stanford Junior University Marching Band,Arts - Music
LGBTQ-Meds,Preprofessional
LITES - Lighting Innovation and Technology Education at Stanford,Arts - Other
Los Hermanos de Stanford,Ethnic/Cultural
Los Salseros de Stanford,Arts - Dance
Malaysians at Stanford,International
Management Science & Engineering Graduate Student Association,Academic
March For Our Lives Stanford,Social Awareness
Mariachi Cardenal de Stanford,Arts - Music
Mechanical Engineering Women's Group,Preprofessional
Medical Students with Disability and Chronic Illness,Social Awareness
Men's Club Basketball,Athletic - Club Sport
Mexican Association of Graduate Students at Stanford,Ethnic/Cultural
MINT Magazine,Media/Publications
Mixed Company,Arts - Music
"Modes of Knowing: Science, Religion, and Philosophy Club",Academic
Mua Lac Hong,Arts - Dance
Multiracial Identified Community at Stanford,Ethnic/Cultural
Music Enriching the Lives of Developing Youth,Community Service
Muslim Student Union,Religious
New Organization Portal,Advising Portals
Nigerian Students Association (Naija),International
Noopur,Arts - Dance
Nuestra Grad,Ethnic/Cultural
OAPE Party Registration,University Departments
Oasis Campus Ministry,Religious
Off-campus Fundraising Portal,Advising Portals
Organization of International Health,Health and Wellness
Orthodox Christian Fellowship at Stanford,Religious
O-Tone,Arts - Music
"Out in Science, Technology, Engineering and Mathematics at Stanford",Preprofessional
Pakistanis at Stanford,International
Palm Drive Records,Arts - Music
Parakaleo Christian Ministries,Religious
Partners in Health | Engage,Social Awareness
People for Animal Welfare,Social Awareness
Persian Student Association,International
Physics Undergraduate Women and Gender Minorities at Stanford,Academic
Pilipino American Student Union,Ethnic/Cultural
Power to ACT: Abilities Coming Together,Social Awareness
Presidents' Portal,Advising Portals
Primary Care Progress,Social Awareness
Professional Art Society of Stanford,Arts - Other
PULSE Magazine,Media/Publications
Quiz Bowl Club,Recreational
Ram's Head Theatrical Society,Arts - Drama
Ranchers and Farmers Society of Stanford,Ethnic/Cultural
Reformed University Fellowship at Stanford,Religious
Restorative Film Collective,Arts - Other
Ritmo!,Arts - Dance
Robber Barons Sketch Comedy,Arts - Drama
Ruedamores de Stanford,Arts - Dance
Russian Student Association,International
Saudi Arabian Students Organization,Ethnic/Cultural
Scandinavians at Stanford,International
Science Policy Group at Stanford,Political
Scientists Speak Up,Academic
Sexual Health Peer Resources Center,Health and Wellness
Side by Side,Community Service
Sikh Students Association at Stanford,Religious
Singaporeans at Stanford,International
SLS Against Gendered Violence,SLS (Law School)
SLS American Constitution Society,SLS (Law School)
SLS Antitrust Law and Policy Association,SLS (Law School)
SLS Asian Pacific Islander Law Student Association,SLS (Law School)
SLS BioLaw & Health Policy Society,SLS (Law School)
SLS Black Law Students Association,SLS (Law School)
SLS Blockchain Law and Information Society,SLS (Law School)
SLS China Law & Policy Association,SLS (Law School)
SLS Christian Fellowship,SLS (Law School)
SLS Criminal Law Society,SLS (Law School)
SLS Drama Society,SLS (Law School)
SLS Election Law Project,SLS (Law School)
SLS Energy and Infrastructure Club,SLS (Law School)
SLS Entrepreneurship Club,SLS (Law School)
SLS Environmental Law Society,SLS (Law School)
SLS Federalist Society,SLS (Law School)
SLS First Generation and Low-Income Professionals,SLS (Law School)
SLS First Person,SLS (Law School)
SLS If/When/How,SLS (Law School)
SLS International Arbitration Association,SLS (Law School)
SLS International Law Society,SLS (Law School)
SLS International Refugee Assistance Project,SLS (Law School)
SLS J. Reuben Clark Society,SLS (Law School)
SLS JD/MBA Club,SLS (Law School)
SLS Jewish Law Student Association,SLS (Law School)
SLS Law Students for Disability Rights,SLS (Law School)
SLS Middle Eastern and South Asian Law Students Association,SLS (Law School)
SLS National Lawyers Guild,SLS (Law School)
SLS Native American Law Student Association,SLS (Law School)
SLS Older and Wiser Law Students,SLS (Law School)
SLS OUTLAW,SLS (Law School)
SLS Shaking the Foundations Conference,SLS (Law School)
SLS Stanford Advocates for Immigrants' Rights,SLS (Law School)
SLS Stanford Artifical Intelligence Law Society,SLS (Law School)
SLS Stanford Critical Legal Studies,SLS (Law School)
SLS Stanford Entertainment and Sports Law Association,SLS (Law School)
SLS Stanford Human Rights Law Association,SLS (Law School)
SLS Stanford Intellectual Property Association,SLS (Law School)
SLS Stanford Latino Law Students Association,SLS (Law School)
SLS Stanford Law and Technology Association,SLS (Law School)
SLS Stanford Law Association,SLS (Law School)
SLS Stanford Law Democrats,SLS (Law School)
SLS Stanford Law Private Practice Association,SLS (Law School)
SLS Stanford Law School Mock Trial Team,SLS (Law School)
SLS Stanford Law Veterans Organization,SLS (Law School)
SLS Stanford National Security and the Law Society,SLS (Law School)
SLS Stanford Plaintiffs' Lawyers Association,SLS (Law School)
SLS Stanford Prisoner Advocacy and Resources Coalition,SLS (Law School)
SLS Stanford Program in Law and Society,SLS (Law School)
SLS Stanford Public Interest Law Foundation,SLS (Law School)
SLS Student Animal Legal Defense Fund,SLS (Law School)
SLS Tax Club,SLS (Law School)
SLS Women in Politics,SLS (Law School)
SLS Women of Color Collective,SLS (Law School)
SLS Women of Stanford Law,SLS (Law School)
SLS Youth and Education Advocates of Stanford,SLS (Law School)
"Society for Industrial and Applied Mathematics (SIAM), Stanford Student Chapter",Academic
Society for International Affairs at Stanford,Academic
Society for the Advancement of Chicano/Latinos and Native Americans in Science,Preprofessional
Society of Black Scientists and Engineers,Preprofessional
Society of Latinx Engineers,Preprofessional
"Society of Petroleum Engineers, Stanford Student Chapter",Preprofessional
Society of Women Engineers,Preprofessional
Spicmacay,Arts - Music
"Stand Up, D Comedy Club",Arts - Drama
Stanford ACM SIGGRAPH Student Chapter,Arts - Other
Stanford Advanced Degree Candidate Consulting Club,Preprofessional
Stanford Aerobics and Yoga,Athletic - Other
Stanford African Students Association,International
Stanford Alpine Club,Athletic - Outdoors
Stanford Alpine Project,Academic
Stanford Alpine Ski Team,Athletic - Club Sport
Stanford Alzheimer's Alliance,Community Service
Stanford American Indian Organization,Ethnic/Cultural
Stanford American Indigenous Medical Students,Preprofessional
Stanford Anthology for Youth,Community Service
Stanford Applied Cybersecurity,Academic
Stanford Archery Program,Athletic - Club Sport
Stanford Artificial Intelligence Group,Academic
Stanford Arts Review,Arts - Other
Stanford Asian American Activism Committee,Social Awareness
Stanford Astronomical Society,Preprofessional
Stanford Australians and New Zealanders,International
Stanford Austria Club,International
Stanford Axe Committee,Athletic - Other
Stanford Badminton Club,Athletic - Club Sport
Stanford Bhakti Yoga Club,Health and Wellness
Stanford Bhangra Team,Arts - Dance
Stanford Biosciences Student Association,Academic
Stanford Birdwatching Club,Recreational
Stanford Black Bioscience Organization,Academic
Stanford Black Pre-Medical Organization,Preprofessional
Stanford Blockchain Club,Academic
Stanford Canadian Club,International
Stanford Capoeira,Athletic - Martial Arts
Stanford Cartographic Society,Preprofessional
Stanford Catalan Association,International
Stanford Ceili Dance,Arts - Dance
Stanford Chamber Chorale,Arts - Music
Stanford Chaparral,Media/Publications
Stanford Chapter of American Medical Association - Medical Student Section,Preprofessional
Stanford Chess Club,Recreational
Stanford Chinese Dance,Arts - Dance
Stanford Chinese Sing,Arts - Music
Stanford Classics in Theater,Arts - Drama
Stanford Climbing,Athletic - Club Sport
Stanford Club Baseball,Athletic - Club Sport
Stanford Club Ice Hockey,Athletic - Club Sport
Stanford Club Sports,Athletic - Club Sport
Stanford Club Swimming,Athletic - Club Sport
Stanford Club Tennis,Athletic - Club Sport
Stanford Club Triathlon Team,Athletic - Club Sport
Stanford Collaborative Orchestra,Arts - Music
Stanford College Diabetes Network,Health and Wellness
Stanford College Republicans,Political
Stanford Community Gardens,Community Service
Stanford Complexity Group,Academic
Stanford Concert Network,Arts - Other
Stanford Cooking Society,Recreational
Stanford Creative Writing Society,Arts - Other
Stanford Cycling,Athletic - Club Sport
Stanford Dance Marathon,Community Service
Stanford Debate Society,Academic
Stanford Democrats,Political
Stanford Dominican Association,Ethnic/Cultural
Stanford Drag Troupe,Arts - Other
Stanford Dragon Boat,Athletic - Club Sport
Stanford Economics Association,Academic
Stanford Education Technology Society,Academic
Stanford Effective Altruism,Social Awareness
Stanford Energy Club,Preprofessional
Stanford Entrepreneurs for Latin America,Preprofessional
Stanford Equestrian Team,Athletic - Club Sport
Stanford Ethiopian and Eritrean Student Association,International
Stanford Etz Chaim,Religious
Stanford Figure Skating Club,Recreational
Stanford Film Society,Arts - Other
Stanford Finance,Preprofessional
Stanford Fleet Street Singers,Arts - Music
Stanford Fly Fishing and Tying Club,Athletic - Outdoors
Stanford Food Recovery,Community Service
Stanford Game^2 Theory Club,Academic
Stanford Gaming Society,Recreational
Stanford Genetic Counseling Student Interest Group,Preprofessional
Stanford German Student Association,International
Stanford Gleaning Project,Community Service
Stanford Golf League,Athletic - Other
Stanford Gospel Choir,Arts - Music
Stanford Graduate Society of Women Engineers,Preprofessional
Stanford Grappling Club,Athletic - Martial Arts
Stanford Gregorian Society,Arts - Music
Stanford Harmonics,Arts - Music
Stanford Health Innovations in Future Technologies,Preprofessional
Stanford Health Justice Coalition,Social Awareness
Stanford Hermanas in STEM,Academic
Stanford ignitED,Preprofessional
Stanford Improvisors,Arts - Drama
Stanford In Government,Social Awareness
Stanford India Association,International
Stanford Indonesian Student Union,International
Stanford Institute of Electrical and Electronics Engineers,Preprofessional
Stanford International Security Undergraduate Network,Academic
Stanford Irish Association,International
Stanford Israel Association,Ethnic/Cultural
Stanford Italian Society,International
Stanford Japanese Association,International
Stanford Jazz Orchestra,Arts - Music
Stanford Jewish Queers,Ethnic/Cultural
Stanford Judo Club Team,Athletic - Club Sport
Stanford Jump Rope,Athletic - Other
Stanford Kendo Club,Athletic - Martial Arts
Stanford Kenpo Karate Association,Athletic - Martial Arts
Stanford Khmer Association,Ethnic/Cultural
Stanford LGBT Business Alliance,Preprofessional
Stanford Light Opera Company,Arts - Music
Stanford Lion Dance,Arts - Dance
Stanford Marketing Group,Preprofessional
Stanford Martial Arts Program,Athletic - Martial Arts
Stanford Materials Research Society,Academic
Stanford Medical Christian Fellowship,Preprofessional
Stanford Medical Students Association,Preprofessional
Stanford Medicine Arts Collective,Arts - Other
Stanford Mendicants,Arts - Music
Stanford Men's Club Soccer Team,Athletic - Club Sport
Stanford Men's Lacrosse,Athletic - Club Sport
Stanford Men's Rugby,Athletic - Club Sport
Stanford Men's Ultimate Team,Athletic - Club Sport
Stanford Men's Volleyball Club,Athletic - Club Sport
Stanford Mental Health Outreach,Health and Wellness
Stanford Middle East Ensemble,Arts - Music
Stanford Mock Trial,Academic
Stanford Music + Mentorship,Community Service
Stanford Muslim Medical Association,Preprofessional
Stanford National Association for the Advancement of Colored People,Social Awareness
Stanford Native American Graduate Students,Ethnic/Cultural
Stanford Nonproliferation Activism Project,Social Awareness
Stanford Oceans Society,Academic
Stanford Outdoor Outreach Program,Community Service
Stanford Outdoors,Athletic - Outdoors
Stanford Pen People,Arts - Other
Stanford Physical Medicine and Rehabilitation Interest Group,Academic
Stanford Planned Parenthood Generation Action,Social Awareness
Stanford Poetry Society,Arts - Other
Stanford Polish Student Association,International
Stanford Political Journal,Media/Publications
Stanford Political Union,Political
Stanford Polo Club,Athletic - Club Sport
Stanford Polymer Collective,Academic
Stanford Powwow,Ethnic/Cultural
Stanford Practical Ethics Club,Academic
Stanford Pre-Business Association,Preprofessional
Stanford Pre-Law Society,Preprofessional
Stanford Pre-Medical Asian Pacific American Medical Student Association,Preprofessional
Stanford Premedical Association,Preprofessional
Stanford Q&A,Ethnic/Cultural
Stanford Quantum Computing Association,Academic
Stanford Quidditch,Athletic - Club Sport
Stanford Raagapella,Arts - Music
Stanford Real Estate Club,Preprofessional
Stanford Robotics Club,Academic
Stanford Roots,Community Service
Stanford Running Club,Athletic - Club Sport
Stanford Science Penpals,Community Service
"Stanford Science, Technology, Engineering, Arts, & Mathematics",Academic
Stanford Shakespeare Company,Arts - Drama
Stanford Smart Woman Securities,Preprofessional
Stanford Social Entrepreneurial Student's Association,Preprofessional
Stanford Society of Pediatric Psychology,Preprofessional
Stanford Solar Car Project,Academic
Stanford South Asian Society,Ethnic/Cultural
Stanford Sphere,Media/Publications
Stanford Spikeball Roundnet Club,Athletic - Other
Stanford Spoken Word Collective,Arts - Drama
Stanford Sports Analytics Club,Athletic - Other
Stanford Squash Men's Intercollegiate Team,Athletic - Club Sport
Stanford Storyboard Club,Arts - Other
Stanford Student Biodesign & Biopharma,Academic
Stanford Student Biotechnology Group,Preprofessional
Stanford Student Space Initiative,Preprofessional
Stanford Students for Housing Justice,Community Service
Stanford Students for Justice in Palestine,Social Awareness
Stanford Students for Life,Social Awareness
Stanford Students for Queer Liberation,Social Awareness
Stanford Students in Applied Research,Academic
Stanford Students In Entertainment,Preprofessional
Stanford Swing Dancers,Social
Stanford Symbolic Systems Society,Academic
Stanford Symphony Orchestra,Arts - Music
Stanford Synapse: Brain Injury Support Group,Community Service
Stanford Table Tennis Club,Athletic - Club Sport
Stanford Taekwondo,Athletic - Club Sport
Stanford Taiko,Arts - Music
Stanford Taiwanese Student Association,International
Stanford Tango Club,Arts - Dance
Stanford Theater Laboratory,Arts - Drama
Stanford Transfers Network,Social
Stanford Turkish Student Association,International
Stanford Turning Point USA,Political
Stanford Undergraduate Hospice and Palliative Care,Community Service
Stanford Undergraduate Materials Society,Academic
Stanford Undergraduate Neuroscience Society,Academic
Stanford Undergraduate Psychology Association,Academic
Stanford Undergraduate Research Association,Academic
Stanford Undergraduate Research Journal,Media/Publications
Stanford Undergraduate Veterans Association,Social
Stanford Undergraduates in Mechanical Engineering,Preprofessional
Stanford University Mathematical Organization,Academic
Stanford University PA Student Association,Preprofessional
Stanford University Physics Society,Preprofessional
Stanford University Postdoctoral Association,Unaffiliated
Stanford University Wing Chun Student Association,Athletic - Martial Arts
"Stanford Unmanned Aerial Vehicle Engineers, Entrepreneurs, and Enthusiasts",Academic
Stanford Uruguayan Students Association,Ethnic/Cultural
Stanford Venture Capital Club,Preprofessional
Stanford Video Game Association,Recreational
Stanford Vietnamese Student Association,Ethnic/Cultural
Stanford Wind Symphony,Arts - Music
Stanford Wine Society,Social
Stanford Women Association of Physician-Scientists,Preprofessional
Stanford Women in Business,Preprofessional
Stanford Women in Design,Preprofessional
Stanford Women in Earth Sciences,Academic
Stanford Women in Finance,Preprofessional
Stanford Women in Fluid Dynamics,Academic
Stanford Women in Medicine,Preprofessional
Stanford Women in Politics,Political
Stanford Women's Club Lacrosse,Athletic - Club Sport
Stanford Women's Club Soccer,Athletic - Club Sport
Stanford Women's Club Volleyball,Athletic - Club Sport
Stanford Women's Rugby,Athletic - Club Sport
Stanford Women's Ultimate,Athletic - Club Sport
Stanford Womxn in Cannabis,Academic
Stanford Womxn in Comedy,Arts - Other
Stanford Womxn in Law,Preprofessional
Stanford Worldbuilding Activities Network,Arts - Other
Stanford Wushu Club,Athletic - Martial Arts
Stanford XR,Academic
Stanford Young Democratic Socialists of America,Political
Stanford Zen Society,Religious
Stanford Zumba,Recreational
"Strategies for Ecology Education, Diversity and Sustainability, Stanford Chapter",Community Service
Student Activities and Leadership Office,Admin/Testing
Student Alliance for Justice in Education,Social Awareness
Student Arts Portal,Advising Portals
Student Immigrant Empowerment Project at Stanford,Social Awareness
Student Interest Group in Neurology,Preprofessional
Student National Medical Association,Preprofessional
Student Organization Advisors' Forum,Advising Portals
Students for a Sustainable Stanford,Social Awareness
Students for Alternatives to Militarism,Social Awareness
Students Supporting Body Positivity,Health and Wellness
Swingtime,Arts - Dance
Taiwanese Cultural Society,Ethnic/Cultural
Talisman,Arts - Music
tapTH@T,Arts - Dance
Tau Beta Pi,Academic
Team HBV,Social Awareness
Testimony A Cappella,Arts - Music
Thai Student Association,International
The Arab Student Association at Stanford,International
The Black Feminist Collective,Social Awareness
The Blackprint: Building Black Business Leaders and Entrepreneurs,Preprofessional
The Bridge Peer Counseling Center,Health and Wellness
The Charles R. Blyth Fund,Preprofessional
The Dish on Science,Academic
The Humor Club,Arts - Other
The Komm Collective,Arts - Drama
The Science Bus,Community Service
The Stanford Bicycle Project,Community Service
The Stanford Daily,Media/Publications
The Stanford Flipside,Media/Publications
The Stanford Fund Partnership,Advising Portals
The Stanford Happiness Collective,Health and Wellness
The Stanford Libertarians,Political
The Stanford Optical Society,Academic
The Stanford Review,Media/Publications
The Word,Media/Publications
Tibetan Student Union,Social Awareness
Traveling Trees,Recreational
TreeHacks,Academic
"Tzu Chi Collegiate Association, Stanford Chapter",Community Service
Undergraduate Catholic Student Association,Religious
Undergraduate Chinese American Association,Ethnic/Cultural
United Students for Veterans' Health,Community Service
Unscripted Playhouse of Stanford,Arts - Drama
Untitled Journal,Media/Publications
Urban Styles,Arts - Dance
Venezuelan Student Association,International
Veritas@Stanford,Religious
Viennese Ball Committee,Arts - Dance
Voluntary Student Organizations,University Departments
Volunteers In Latin America,Community Service
Vox Clara: A Journal of Christian Thought at Stanford,Media/Publications
VPGE,University Departments
VSO Testing Portal,Admin/Testing
We Continue: Suicide Prevention Empowerment,Health and Wellness
Women and Medicine,Preprofessional
Women and Youth Supporting Each Other,Community Service
Women in Aeronautics and Astronautics,Academic
Women in Computer Science,Preprofessional
Women in Electrical Engineering,Preprofessional
"Women in Mathematics, Statistics, and Computational Engineering",Academic
Women's Club Basketball,Athletic - Club Sport
Womxn's Coalition,Social Awareness
Working with Youth,Advising Portals
World Peace Buddhists,Religious
XTRM,Arts - Dance
Young Life Stanford,Religious
